ID,Name,Price,Available,Description
1,Product 1,34,true,Lorem ipsum dolor sit amet consectetur adipisicing elit. Maxime mollitia - molestiae quas vel sint commodi repudiandae consequuntur voluptatum laborum
2,Product 2,43,false,Lorem ipsum dolor sit amet consectetur adipisicing elit. Maxime mollitia - molestiae quas vel sint commodi repudiandae consequuntur voluptatum laborum
3,Product 3,12,true,Lorem ipsum dolor sit amet consectetur adipisicing elit. Maxime mollitia - molestiae quas vel sint commodi repudiandae consequuntur voluptatum laborum
4,Product 4,87,true,Lorem ipsum dolor sit amet consectetur adipisicing elit. Maxime mollitia - molestiae quas vel sint commodi repudiandae consequuntur voluptatum laborum
5,Product 5,34,false,Lorem ipsum dolor sit amet consectetur adipisicing elit. Maxime mollitia - molestiae quas vel sint commodi repudiandae consequuntur voluptatum laborum
6,Product 6,56,false,Lorem ipsum dolor sit amet consectetur adipisicing elit. Maxime mollitia - molestiae quas vel sint commodi repudiandae consequuntur voluptatum laborum
7,Product 7,23,false,Lorem ipsum dolor sit amet consectetur adipisicing elit. Maxime mollitia - molestiae quas vel sint commodi repudiandae consequuntur voluptatum laborum
8,Product 8,8,true,Lorem ipsum dolor sit amet consectetur adipisicing elit. Maxime mollitia - molestiae quas vel sint commodi repudiandae consequuntur voluptatum laborum
9,Product 9,56,false,Lorem ipsum dolor sit amet consectetur adipisicing elit. Maxime mollitia - molestiae quas vel sint commodi repudiandae consequuntur voluptatum laborum
10,Product 10,2,false,Lorem ipsum dolor sit amet consectetur adipisicing elit. Maxime mollitia - molestiae quas vel sint commodi repudiandae consequuntur voluptatum laborum
11,Product 11,54,true,Lorem ipsum dolor sit amet consectetur adipisicing elit. Maxime mollitia - molestiae quas vel sint commodi repudiandae consequuntur voluptatum laborum
12,Product 12,56,true,Lorem ipsum dolor sit amet consectetur adipisicing elit. Maxime mollitia - molestiae quas vel sint commodi repudiandae consequuntur voluptatum laborum
13,Product 13,34,true,Lorem ipsum dolor sit amet consectetur adipisicing elit. Maxime mollitia - molestiae quas vel sint commodi repudiandae consequuntur voluptatum laborum
14,Product 14,87,true,Lorem ipsum dolor sit amet consectetur adipisicing elit. Maxime mollitia - molestiae quas vel sint commodi repudiandae consequuntur voluptatum laborum
15,Product 15,47,true,Lorem ipsum dolor sit amet consectetur adipisicing elit. Maxime mollitia - molestiae quas vel sint commodi repudiandae consequuntur voluptatum laborum
16,Product 16,87,false,Lorem ipsum dolor sit amet consectetur adipisicing elit. Maxime mollitia - molestiae quas vel sint commodi repudiandae consequuntur voluptatum laborum
17,Product 17,25,false,Lorem ipsum dolor sit amet consectetur adipisicing elit. Maxime mollitia - molestiae quas vel sint commodi repudiandae consequuntur voluptatum laborum
18,Product 18,84,true,Lorem ipsum dolor sit amet consectetur adipisicing elit. Maxime mollitia - molestiae quas vel sint commodi repudiandae consequuntur voluptatum laborum
19,Product 19,12,false,Lorem ipsum dolor sit amet consectetur adipisicing elit. Maxime mollitia - molestiae quas vel sint commodi repudiandae consequuntur voluptatum laborum
20,Product 20,63,false,Lorem ipsum dolor sit amet consectetur adipisicing elit. Maxime mollitia - molestiae quas vel sint commodi repudiandae consequuntur voluptatum laborum
